{"STEM_ANGLE_STD_DEV": 26.12141926531715, "RANDOM_ANGLE_STD_DEV": 33.94262605667022, "STEM_SIDE_STD_DEV": 0.06910165030512593, "RANDOM_SIDE_STD_DEV": 0.09809505511475516, "STEM_COUNT": 117}