{"STEM_ANGLE_STD_DEV": 27.078838435432992, "RANDOM_ANGLE_STD_DEV": 35.499203251147364, "STEM_SIDE_STD_DEV": 0.07659631714342913, "RANDOM_SIDE_STD_DEV": 0.11515488657626748, "STEM_COUNT": 104}