{"STEM_ANGLE_STD_DEV": 23.056129528955662, "RANDOM_ANGLE_STD_DEV": 34.651788963586135, "STEM_SIDE_STD_DEV": 0.056337546625275986, "RANDOM_SIDE_STD_DEV": 0.0958068740796332, "STEM_COUNT": 126}