{"STEM_ANGLE_STD_DEV": 26.171439864315786, "RANDOM_ANGLE_STD_DEV": 32.62470906982543, "STEM_SIDE_STD_DEV": 0.06268973986092616, "RANDOM_SIDE_STD_DEV": 0.10108475046546853, "STEM_COUNT": 120}