{"STEM_ANGLE_STD_DEV": 22.270463142596256, "RANDOM_ANGLE_STD_DEV": 34.09597159035791, "STEM_SIDE_STD_DEV": 0.04652015004969684, "RANDOM_SIDE_STD_DEV": 0.10384430817186803, "STEM_COUNT": 139}