{"STEM_ANGLE_STD_DEV": 18.93997094014357, "RANDOM_ANGLE_STD_DEV": 35.19143838079823, "STEM_SIDE_STD_DEV": 0.12201212146044794, "RANDOM_SIDE_STD_DEV": 0.2816050470377479, "STEM_COUNT": 16}