{"STEM_ANGLE_STD_DEV": 36.777924552308974, "RANDOM_ANGLE_STD_DEV": 38.82626390649388, "STEM_SIDE_STD_DEV": 0.1871628441502343, "RANDOM_SIDE_STD_DEV": 0.20099376505302202, "STEM_COUNT": 25}