{"STEM_ANGLE_STD_DEV": 32.56142905506087, "RANDOM_ANGLE_STD_DEV": 32.364170833197335, "STEM_SIDE_STD_DEV": 0.05374712673324374, "RANDOM_SIDE_STD_DEV": 0.054368381622328134, "STEM_COUNT": 449}