{"STEM_ANGLE_STD_DEV": 22.84144966309355, "RANDOM_ANGLE_STD_DEV": 30.671245847649214, "STEM_SIDE_STD_DEV": 0.00969253957138792, "RANDOM_SIDE_STD_DEV": 0.014229543456646655, "STEM_COUNT": 5909}